channel,depth_m,h00,h01,h02,h03,h04,h05,h06,h07,h08,h09,h10,h11,h12,h13,h14,h15,h16,h17,h18,h19,h20,h21,h22,h23
1208,0.0,0.3410,0.7851,1.7986,1.8638,2.0845,3.0696,1.4309,1.0748,1.0997,0.9806,1.4384,1.0361,1.0140,0.7194,0.9509,0.7382,0.7039,0.6942,0.7712,0.8715,0.7191,0.5781,0.6485,1.0300
1209,4.1,0.6154,1.0389,1.5650,1.4788,1.9533,1.5009,1.3295,1.1932,1.1327,1.0675,1.2691,0.8677,0.9912,0.8600,1.0536,0.8938,0.7904,0.7473,0.8196,0.8190,0.9559,0.8264,0.7881,1.1213
1210,8.2,1.1503,1.3083,1.5788,1.3586,1.4257,1.3574,1.4663,1.5888,1.5136,1.4691,1.5401,1.4787,1.4682,1.3101,1.2963,1.3559,1.2161,1.4143,1.4368,1.3567,1.4369,1.3779,1.2715,1.3071
1211,12.3,1.4677,1.5935,1.8457,1.6476,1.6975,1.6612,1.7057,1.6851,1.7684,1.7767,1.7738,1.7136,1.6954,1.5714,1.6235,1.6912,1.5602,1.6754,1.7201,1.6386,1.5816,1.6049,1.5367,1.5302
1212,16.4,1.8008,1.9490,2.0112,1.8538,1.9228,1.8099,1.9471,1.9769,2.1047,2.1195,2.0674,1.9929,1.9445,1.8722,1.8632,1.9331,1.9067,2.0128,2.0241,1.9459,1.9479,1.9551,1.8356,1.8596
1213,20.6,1.8393,1.9851,2.0743,1.9107,1.9552,1.8776,2.0091,2.0545,2.2086,2.2191,2.1138,2.0281,2.0089,1.9522,2.0044,2.0524,1.9755,2.0473,2.1011,1.9942,2.0142,2.0377,1.9281,1.9091
1214,24.7,1.8553,1.9772,2.0141,1.8574,1.9642,1.9084,1.9421,2.0204,2.1414,2.1681,2.0434,1.9822,1.9802,1.9172,1.9440,2.0375,1.9502,2.0226,2.0524,1.9625,1.9796,2.0231,1.9305,1.8946
1215,28.8,1.8669,1.9700,2.0181,1.9078,2.0502,1.9048,1.9653,1.9630,2.0967,2.1240,2.0551,1.9842,1.9512,1.8546,1.9017,1.9955,1.8923,1.9974,2.0714,1.9947,1.9653,1.9790,1.8933,1.8906
1216,32.9,2.0054,2.0914,2.1219,1.9858,2.0732,2.0158,2.0881,2.0673,2.2252,2.2663,2.2064,2.1725,2.0839,1.9738,2.0176,2.0950,2.0346,2.1288,2.2026,2.1509,2.1022,2.1089,2.0045,2.0286
1217,37.0,2.1465,2.2274,2.1517,2.0115,2.1206,2.0264,2.1689,2.1660,2.3552,2.3830,2.2748,2.2112,2.1738,2.0879,2.1376,2.2377,2.1564,2.2585,2.3166,2.2147,2.2385,2.2518,2.1520,2.1430
1218,41.1,2.2115,2.2994,2.2121,2.1236,2.1593,2.1246,2.2453,2.2828,2.4585,2.4541,2.3888,2.3433,2.2809,2.2044,2.2436,2.2678,2.2431,2.3527,2.4022,2.3390,2.3232,2.3143,2.2006,2.2082
1219,45.2,2.1913,2.2729,2.2232,2.1168,2.1432,2.1452,2.1997,2.2425,2.4208,2.4072,2.3134,2.2556,2.2627,2.1603,2.2115,2.2448,2.2202,2.3058,2.3492,2.2503,2.2992,2.3099,2.1849,2.1838
1220,49.3,2.1729,2.2380,2.2251,2.0694,2.1013,2.0813,2.1746,2.1908,2.3355,2.3702,2.2839,2.2329,2.2182,2.1181,2.1722,2.2638,2.2087,2.2631,2.3275,2.2591,2.2631,2.2914,2.1983,2.1500
1221,53.5,2.2103,2.2534,2.1073,1.9671,2.0523,2.0141,2.1268,2.1897,2.3402,2.3701,2.2296,2.1476,2.1740,2.1313,2.1712,2.2539,2.2006,2.2815,2.2930,2.2113,2.2507,2.2727,2.1770,2.1530
1222,57.6,2.1254,2.1568,2.2012,1.9478,1.9982,2.0555,2.1378,2.1648,2.2789,2.3133,2.2083,2.1785,2.2068,2.0864,2.0821,2.1136,2.1073,2.2180,2.2737,2.1404,2.1790,2.1555,2.0441,2.0903
1223,61.7,2.0604,2.0846,2.1073,1.8820,1.9423,1.9427,2.0470,1.9855,2.1126,2.1477,2.2185,2.2324,2.1039,1.9628,1.9781,2.0452,1.9706,2.1014,2.2103,2.1887,2.0652,2.0840,1.9914,1.9979
1224,65.8,2.0177,2.0454,1.9758,1.8323,1.8662,1.8600,2.0082,1.9585,2.0750,2.1132,2.0795,2.0557,2.0302,1.9532,1.9341,2.0171,1.9623,2.0809,2.1118,2.0508,2.0284,2.0529,1.9692,1.9577
1225,69.9,1.8949,1.9183,1.8936,1.7675,1.8300,1.7990,1.8788,1.8631,1.9587,1.9907,1.9477,1.9162,1.9058,1.8180,1.8129,1.9097,1.8497,1.9439,2.0016,1.9237,1.9146,1.9154,1.8628,1.8429
1226,74.0,1.8463,1.8598,1.7951,1.6998,1.7728,1.6849,1.8176,1.7886,1.9105,1.9474,1.9092,1.8823,1.8572,1.7680,1.7997,1.8623,1.7884,1.8708,1.9274,1.8666,1.8636,1.9044,1.8223,1.8014
1227,78.1,2.0719,2.0815,1.8833,1.7270,1.8128,1.7529,1.9484,1.9876,2.1214,2.1511,2.0343,1.9922,2.0122,1.9613,2.0145,2.0728,2.0104,2.0801,2.1029,2.0203,2.0787,2.1209,2.0138,1.9834
1228,82.2,2.2238,2.2331,2.0830,1.9715,2.0481,1.9777,2.1325,2.1391,2.2559,2.3318,2.1834,2.1480,2.1819,2.1613,2.1347,2.1939,2.1340,2.2708,2.2630,2.1372,2.2097,2.2288,2.1189,2.1235
1229,86.4,2.1311,2.1165,2.0204,1.9042,1.9752,1.8856,2.0331,2.0174,2.1430,2.1907,2.1086,2.0783,2.0755,1.9977,1.9933,2.0367,2.0184,2.1269,2.1687,2.0596,2.0894,2.0666,1.9725,2.0213
1230,90.5,2.0614,2.0358,1.9927,1.8452,1.9034,1.8225,1.9803,1.9518,2.0745,2.1124,2.0604,2.0552,2.0288,1.9740,1.9522,1.9989,1.9643,2.0710,2.1228,2.0315,2.0403,2.0390,1.9550,1.9696
1231,94.6,1.9797,1.9742,1.8930,1.7866,1.8578,1.7824,1.9231,1.9155,1.9801,2.0483,1.9720,1.9375,1.9674,1.9107,1.9660,1.9870,1.9363,2.0080,2.0326,1.9265,2.0008,2.0699,1.9571,1.9168
1232,98.7,1.8988,1.9021,1.8632,1.7756,1.7882,1.8210,1.8417,1.8380,1.9104,1.9627,1.9197,1.8851,1.9103,1.8447,1.8724,1.8507,1.8475,1.9356,1.9827,1.9051,1.9160,1.9248,1.8254,1.8492
1233,102.8,1.8622,1.8594,1.8062,1.7292,1.7635,1.6809,1.7828,1.7705,1.8780,1.9131,1.8618,1.8249,1.8282,1.7825,1.8115,1.8256,1.8013,1.8606,1.8915,1.8082,1.8486,1.8684,1.7845,1.7963
1234,106.9,1.8397,1.8374,1.7750,1.6238,1.6615,1.6260,1.7785,1.7621,1.8525,1.9092,1.8297,1.8009,1.8465,1.8080,1.8107,1.8236,1.8083,1.8759,1.9017,1.7931,1.8525,1.8808,1.7949,1.7812
1235,111.0,1.8153,1.8050,1.7545,1.6462,1.6844,1.6041,1.7157,1.7118,1.8084,1.8409,1.8016,1.7765,1.7727,1.7231,1.7309,1.7952,1.7382,1.8038,1.8514,1.7891,1.8041,1.8299,1.7585,1.7429
1236,115.1,1.8508,1.8380,1.8757,1.7163,1.7354,1.8541,1.7783,1.7420,1.8391,1.8769,1.8456,1.8216,1.8145,1.7732,1.7651,1.8119,1.7694,1.8505,1.8834,1.8112,1.8323,1.8587,1.7663,1.7672
1237,119.3,1.8573,1.8369,1.7813,1.6791,1.7115,1.6566,1.7408,1.7344,1.8266,1.8546,1.8479,1.8085,1.8316,1.7619,1.7495,1.7746,1.7464,1.8531,1.9092,1.8102,1.8291,1.8267,1.7305,1.7661
1238,123.4,1.9063,1.8986,1.8878,1.7101,1.7368,1.7669,1.9541,1.7873,1.8848,1.9270,1.9488,1.9375,1.9293,1.8214,1.7975,1.8039,1.8104,1.8993,1.9856,1.8894,1.8710,1.8748,1.7706,1.8271
1239,127.5,1.7542,1.7505,1.6997,1.8211,1.7752,1.6326,1.6440,1.6428,1.7422,1.7864,1.7447,1.6882,1.7073,1.7052,1.6869,1.7601,1.7028,1.7591,1.7821,1.7365,1.7496,1.7830,1.7272,1.6930
1240,131.6,1.6555,1.6596,1.6450,1.5206,1.5146,1.5580,1.5777,1.5748,1.6645,1.6672,1.6190,1.5849,1.5952,1.5475,1.6139,1.6533,1.6315,1.6292,1.6515,1.5875,1.6555,1.7100,1.6660,1.5969
1241,135.7,1.6476,1.6483,1.6427,1.6108,1.5917,1.5853,1.5867,1.5626,1.6573,1.6793,1.6337,1.5898,1.6056,1.5642,1.6018,1.6617,1.6149,1.6359,1.6559,1.5821,1.6591,1.6988,1.6269,1.5983
1242,139.8,1.8070,1.7595,1.7236,1.6395,1.7010,1.6306,1.6925,1.6777,1.7799,1.8284,1.7644,1.7171,1.7387,1.7275,1.7246,1.7317,1.6976,1.7999,1.7909,1.7052,1.7722,1.7815,1.7060,1.7171
1243,143.9,1.8277,1.8155,1.8160,1.6924,1.6866,1.7172,1.7238,1.7568,1.8328,1.8452,1.8086,1.7817,1.7838,1.7214,1.7454,1.7464,1.7434,1.8019,1.8312,1.7747,1.8002,1.7848,1.7010,1.7518
1244,148.0,2.0511,2.0067,1.8984,1.7988,1.7980,1.8015,1.9386,1.9115,2.0026,2.0536,1.9987,1.9340,1.9860,1.9392,1.9008,1.9197,1.9029,2.0329,2.0645,1.9653,1.9974,1.9764,1.8839,1.9510
1245,152.2,2.1884,2.1755,2.0342,1.8596,1.9393,1.8803,2.0417,2.0218,2.1382,2.1664,2.1410,2.0840,2.0883,2.0508,2.0369,2.0743,2.0601,2.1316,2.1700,2.0932,2.1513,2.1545,2.0502,2.0919
1246,156.3,2.1962,2.1839,2.0197,1.8638,1.9293,1.8709,2.0462,2.0351,2.1487,2.2016,2.1702,2.1136,2.1622,2.1181,2.0504,2.0850,2.0857,2.1802,2.2062,2.1254,2.1758,2.1647,2.0660,2.1091
1247,160.4,1.9317,1.9095,1.7698,1.6472,1.8035,1.6501,1.7828,1.7836,1.8855,1.9221,1.8852,1.8366,1.8180,1.7974,1.7951,1.8658,1.8091,1.8657,1.9057,1.8457,1.8655,1.9259,1.8403,1.8332
1248,164.5,1.8428,1.8023,1.7232,1.6309,1.6782,1.6290,1.7520,1.7257,1.8025,1.8887,1.8299,1.7802,1.8054,1.7782,1.7465,1.7725,1.7326,1.8209,1.8598,1.7729,1.7967,1.8299,1.7659,1.7631
1249,168.6,1.8381,1.8059,1.6684,1.5515,1.6118,1.5557,1.7103,1.7367,1.8360,1.8395,1.7858,1.7387,1.7660,1.7306,1.7003,1.7013,1.6983,1.7987,1.8186,1.7328,1.7774,1.7780,1.6688,1.7378
1250,172.7,1.8512,1.8245,1.7581,1.6006,1.6231,1.6482,1.7422,1.7447,1.8509,1.8613,1.8316,1.8001,1.7693,1.7565,1.7379,1.7638,1.7256,1.8188,1.8404,1.7949,1.7986,1.8220,1.7261,1.7591
1251,176.8,1.7979,1.7956,1.7856,1.6908,1.6755,1.7383,1.7610,1.7163,1.8312,1.8654,1.8366,1.8244,1.8302,1.7624,1.7575,1.7511,1.7617,1.8109,1.8593,1.7965,1.8196,1.7969,1.7196,1.7584
1252,180.9,1.8224,1.8288,1.7824,1.6005,1.6210,1.6610,1.7578,1.7818,1.8944,1.8670,1.8735,1.8170,1.8023,1.7618,1.7723,1.7300,1.7775,1.8253,1.8595,1.8468,1.8394,1.8175,1.7183,1.7887
1253,185.1,1.7887,1.7994,1.7426,1.5506,1.6348,1.6139,1.7200,1.7143,1.8152,1.8306,1.8709,1.8150,1.8027,1.7415,1.7425,1.7553,1.7516,1.8135,1.8660,1.8433,1.8313,1.8271,1.7347,1.7696
1254,189.2,1.7664,1.8048,1.7778,1.6259,1.6507,1.6000,1.8264,1.7573,1.8582,1.8801,1.8970,1.8664,1.8778,1.8159,1.7786,1.7773,1.7713,1.8517,1.8798,1.8532,1.8477,1.8533,1.7593,1.7819
1255,193.3,1.6692,1.6543,1.5915,1.4314,1.4854,1.4407,1.6204,1.5770,1.6484,1.7164,1.6958,1.6761,1.6545,1.6485,1.5771,1.6221,1.5893,1.7032,1.7093,1.6722,1.6637,1.6771,1.6010,1.6314
1256,197.4,1.5962,1.5981,1.5995,1.4812,1.4865,1.4708,1.5569,1.5823,1.6476,1.6747,1.6359,1.5955,1.6026,1.5500,1.5273,1.5646,1.5670,1.6159,1.6515,1.6049,1.6126,1.6116,1.5315,1.5732
1257,201.5,1.6125,1.6065,1.5842,1.4677,1.4894,1.4488,1.5718,1.5955,1.6557,1.7088,1.6732,1.6199,1.6348,1.6220,1.5768,1.5924,1.5930,1.6833,1.6944,1.6499,1.6450,1.6415,1.5677,1.5941
1258,205.6,1.6327,1.6460,1.6035,1.5789,1.6039,1.5069,1.5707,1.5824,1.6934,1.6897,1.6641,1.6214,1.6349,1.6049,1.5964,1.6603,1.6174,1.6619,1.6922,1.6474,1.6717,1.6761,1.6006,1.6092
1259,209.7,1.6785,1.6970,1.6598,1.5944,1.6967,1.5209,1.6295,1.6476,1.7557,1.7571,1.7461,1.6699,1.6974,1.6840,1.6854,1.7161,1.6781,1.7311,1.7805,1.7282,1.7189,1.7188,1.6362,1.6722
1260,213.8,1.6868,1.6919,1.6247,1.5038,1.5860,1.4938,1.6299,1.6267,1.7172,1.7687,1.7606,1.6984,1.7022,1.6739,1.6092,1.6496,1.6397,1.7332,1.7776,1.7290,1.6981,1.6960,1.6182,1.6697
1261,218.0,1.6705,1.6863,1.6182,1.5162,1.5480,1.5437,1.6049,1.6040,1.7130,1.7235,1.7166,1.6830,1.6703,1.6323,1.5953,1.6493,1.6305,1.7098,1.7355,1.6940,1.7071,1.6989,1.6283,1.6465
1262,222.1,1.6471,1.6390,1.6299,1.5795,1.5600,1.5868,1.6185,1.6006,1.6905,1.7294,1.7069,1.6764,1.6739,1.6448,1.6013,1.6729,1.6369,1.7032,1.7256,1.6887,1.6903,1.7103,1.6499,1.6212
1263,226.2,1.6412,1.6422,1.5618,1.4431,1.5239,1.4689,1.6097,1.6182,1.7082,1.7603,1.7040,1.6511,1.6639,1.6351,1.5492,1.5951,1.6030,1.6912,1.6973,1.6779,1.6635,1.6438,1.5718,1.6045
1264,230.3,1.6173,1.6174,1.5329,1.4655,1.5194,1.5525,1.5454,1.5715,1.6564,1.6656,1.6834,1.6168,1.6055,1.5486,1.5115,1.5680,1.5471,1.6143,1.6832,1.6580,1.6163,1.6261,1.5476,1.5762
1265,234.4,1.5583,1.5652,1.5385,1.4415,1.4662,1.4845,1.4989,1.5187,1.6096,1.6096,1.5682,1.5232,1.5169,1.4739,1.4679,1.5507,1.5204,1.5479,1.5647,1.5304,1.5580,1.5728,1.5170,1.5130
1266,238.5,1.5013,1.5392,1.5765,1.5387,1.5012,1.5116,1.5061,1.4949,1.5831,1.5982,1.5775,1.5332,1.5285,1.4642,1.4411,1.4819,1.4857,1.5316,1.5505,1.5084,1.5434,1.5227,1.4551,1.4922
1267,242.6,1.4643,1.5013,1.5872,1.5195,1.4709,1.4883,1.5208,1.5440,1.5945,1.6334,1.5991,1.5564,1.5632,1.5054,1.4998,1.5364,1.5108,1.5551,1.5855,1.5512,1.5427,1.5554,1.4940,1.4841
1268,246.7,1.4519,1.4932,1.5517,1.4697,1.4719,1.4692,1.4889,1.5740,1.6144,1.6165,1.5522,1.5265,1.5021,1.4970,1.5684,1.5952,1.5328,1.5291,1.5349,1.5149,1.5249,1.6014,1.5505,1.4712
1269,250.9,1.4927,1.5223,1.5611,1.4923,1.5035,1.5187,1.4924,1.5414,1.5859,1.6273,1.6169,1.5709,1.5157,1.4975,1.4554,1.5265,1.4962,1.5481,1.5794,1.5771,1.5346,1.5493,1.4977,1.5039
1270,255.0,1.5595,1.5991,1.6231,1.5283,1.5454,1.5062,1.6026,1.6347,1.6879,1.6998,1.6693,1.6314,1.6440,1.6106,1.5752,1.5932,1.5963,1.6593,1.6646,1.6186,1.6371,1.6182,1.5430,1.5764
1271,259.1,1.6311,1.6296,1.5923,1.4904,1.5422,1.5434,1.5501,1.6185,1.6825,1.6947,1.6646,1.6836,1.5895,1.5506,1.5846,1.6878,1.6221,1.6292,1.6413,1.6358,1.6489,1.7100,1.6442,1.5911
1272,263.2,1.6390,1.6446,1.5714,1.4571,1.5044,1.4456,1.6515,1.6315,1.7266,1.7317,1.7911,1.7484,1.6779,1.5880,1.5611,1.6330,1.6274,1.6572,1.7097,1.7251,1.6909,1.6893,1.6309,1.6095
1273,267.3,1.5845,1.5440,1.4965,1.4171,1.4964,1.4474,1.4952,1.4936,1.5891,1.5797,1.5658,1.5096,1.5130,1.4639,1.4914,1.6061,1.5351,1.5385,1.5591,1.5482,1.5599,1.5860,1.5575,1.4947
1274,271.4,1.6041,1.5644,1.5371,1.4923,1.4726,1.5905,1.5316,1.5514,1.6511,1.6370,1.6106,1.5158,1.5552,1.5223,1.5141,1.6080,1.5474,1.6146,1.6032,1.5660,1.5753,1.5719,1.5234,1.5248
1275,275.5,1.5758,1.5365,1.4639,1.4094,1.4684,1.4043,1.5218,1.5139,1.5711,1.6060,1.5788,1.4993,1.5419,1.5218,1.4478,1.4914,1.4850,1.5844,1.5886,1.5415,1.5340,1.5151,1.4548,1.4909
1276,279.6,1.5570,1.5201,1.5110,1.4185,1.4724,1.4441,1.4910,1.4945,1.5591,1.5776,1.5756,1.5325,1.5288,1.4923,1.4517,1.5111,1.4891,1.5637,1.5840,1.5516,1.5395,1.5232,1.4663,1.4796
1277,283.8,1.5933,1.6158,1.5412,1.4359,1.5039,1.4353,1.6266,1.7075,1.7518,1.7508,1.6678,1.6221,1.6584,1.6223,1.6615,1.6551,1.6759,1.6713,1.6667,1.6397,1.6864,1.7158,1.6456,1.5945
1278,287.9,1.6438,1.6627,1.6552,1.5567,1.6368,1.6489,1.6249,1.6500,1.7277,1.7451,1.7378,1.7023,1.7144,1.6555,1.6269,1.6577,1.6649,1.7334,1.7547,1.7323,1.7043,1.6891,1.6205,1.6253
1279,292.0,1.6502,1.6496,1.6196,1.5825,1.5716,1.5900,1.6162,1.6059,1.6766,1.7160,1.7401,1.6906,1.6769,1.6262,1.5942,1.6708,1.6441,1.7022,1.7376,1.7252,1.6873,1.6963,1.6509,1.6097
1280,296.1,1.7622,1.7563,1.6616,1.5430,1.5937,1.5945,1.6619,1.6869,1.7753,1.7711,1.7962,1.7667,1.7064,1.6599,1.6414,1.7120,1.6904,1.7691,1.7918,1.7813,1.7618,1.7100,1.6561,1.6878
1281,300.2,1.8217,1.7875,1.7058,1.6783,1.7448,1.6632,1.7458,1.7599,1.7939,1.8188,1.8298,1.7712,1.7577,1.7216,1.6900,1.7538,1.7360,1.8160,1.8424,1.8237,1.8003,1.7596,1.6902,1.7457
1282,304.3,1.9219,1.8891,1.7685,1.6497,1.7484,1.7007,1.8179,1.8172,1.8957,1.9179,1.8825,1.8201,1.8228,1.8139,1.8224,1.8794,1.8444,1.9131,1.9098,1.8829,1.8863,1.9034,1.8224,1.8220
1283,308.4,1.9302,1.8795,1.7023,1.6792,1.7246,1.6295,1.7795,1.7796,1.8784,1.8954,1.8293,1.7567,1.7662,1.7974,1.7587,1.8053,1.8135,1.8945,1.8578,1.8365,1.8676,1.8345,1.7698,1.8040
1284,312.5,1.7967,1.7534,1.6539,1.5512,1.6145,1.5887,1.6703,1.6865,1.7741,1.7955,1.8181,1.7815,1.7321,1.7067,1.6533,1.7170,1.7125,1.7986,1.8189,1.8420,1.7882,1.7600,1.7097,1.7065
1285,316.7,1.6297,1.5713,1.5371,1.4714,1.6045,1.4469,1.5100,1.4862,1.5592,1.5848,1.6558,1.6043,1.5190,1.4754,1.4438,1.5464,1.4998,1.5620,1.6059,1.6444,1.5628,1.5431,1.4988,1.5137
1286,320.8,1.5494,1.5168,1.4653,1.4651,1.5654,1.4427,1.5709,1.5483,1.6202,1.6307,1.6197,1.5568,1.5649,1.5188,1.5024,1.5771,1.5295,1.5583,1.5847,1.5485,1.5472,1.5679,1.5109,1.4807
1287,324.9,1.5555,1.5578,1.4719,1.3763,1.5085,1.3881,1.5488,1.6776,1.7262,1.7034,1.6387,1.6099,1.5933,1.5910,1.6297,1.6052,1.6252,1.6247,1.6160,1.6890,1.6267,1.6056,1.5458,1.5414
1288,329.0,1.5565,1.4893,1.4535,1.3681,1.4302,1.3631,1.4278,1.4672,1.5240,1.5311,1.5104,1.4603,1.4221,1.4015,1.3966,1.4777,1.4382,1.4947,1.5023,1.4924,1.4737,1.4605,1.4100,1.4243
1289,333.1,1.5265,1.4835,1.4949,1.3589,1.4459,1.3862,1.4680,1.4702,1.5530,1.5576,1.5660,1.5516,1.5212,1.4622,1.4067,1.4817,1.4675,1.5304,1.5425,1.5476,1.4893,1.4558,1.4185,1.4434
1290,337.2,1.4593,1.4402,1.4245,1.3855,1.3716,1.3669,1.4876,1.4117,1.4872,1.5213,1.5452,1.5087,1.5115,1.4647,1.3389,1.3938,1.3836,1.5106,1.5176,1.5168,1.4570,1.3903,1.3414,1.4133
1291,341.3,1.4413,1.4729,1.3611,1.2648,1.4363,1.2709,1.5021,1.4357,1.5312,1.5499,1.5265,1.4789,1.5181,1.5171,1.4301,1.4486,1.4761,1.5674,1.5393,1.5114,1.5114,1.4729,1.4170,1.4609
1292,345.4,1.3946,1.4171,1.3391,1.2843,1.4015,1.3357,1.4031,1.4071,1.4400,1.4492,1.4702,1.4249,1.4108,1.3757,1.3676,1.4472,1.4323,1.4505,1.4773,1.4788,1.4832,1.4465,1.4186,1.4059
1293,349.6,1.3775,1.4039,1.3448,1.2508,1.2944,1.3121,1.4269,1.4008,1.4562,1.4941,1.5185,1.4689,1.4441,1.4177,1.3925,1.4211,1.4235,1.4666,1.4898,1.5153,1.4552,1.4294,1.3891,1.4142
1294,353.7,1.2389,1.2689,1.2885,1.2350,1.2599,1.2553,1.2420,1.2529,1.3173,1.3237,1.3290,1.3144,1.2655,1.2436,1.2280,1.3090,1.2813,1.3125,1.3153,1.3253,1.3088,1.3041,1.2694,1.2650
1295,357.8,1.1839,1.2228,1.2708,1.1564,1.2058,1.1915,1.2531,1.2540,1.2915,1.3161,1.2828,1.2480,1.2329,1.2257,1.1895,1.2434,1.2358,1.2734,1.2698,1.2517,1.2690,1.2447,1.2020,1.2210
1296,361.9,1.2499,1.3026,1.3044,1.2273,1.2528,1.3140,1.4086,1.4006,1.4254,1.4447,1.4024,1.3309,1.3970,1.3884,1.3249,1.3735,1.3277,1.3834,1.3955,1.3430,1.3473,1.3473,1.3285,1.3072
1297,366.0,1.2915,1.3315,1.4258,1.3559,1.3195,1.5224,1.3231,1.2800,1.3600,1.3567,1.3639,1.3303,1.3532,1.2886,1.3118,1.4635,1.3566,1.3508,1.3600,1.3367,1.3658,1.3998,1.4186,1.3025
1298,370.1,1.3051,1.3203,1.2978,1.2609,1.3462,1.2880,1.2883,1.2503,1.3272,1.3433,1.3483,1.3191,1.2931,1.2664,1.2340,1.3437,1.3007,1.3366,1.3399,1.3226,1.3372,1.3212,1.3022,1.2845
1299,374.2,1.3171,1.3087,1.2820,1.2433,1.2666,1.2701,1.2852,1.3172,1.3820,1.3725,1.3508,1.2909,1.2945,1.2879,1.2864,1.3399,1.3369,1.3500,1.3505,1.3293,1.3533,1.3585,1.3168,1.3051
1300,378.3,1.3279,1.3254,1.4069,1.2305,1.2736,1.3220,1.3234,1.2922,1.3623,1.3762,1.4235,1.3837,1.3335,1.2988,1.2680,1.3348,1.3122,1.3666,1.3812,1.3839,1.3518,1.3350,1.2932,1.3062
1301,382.5,1.2906,1.3028,1.2743,1.2344,1.3065,1.2196,1.2526,1.2642,1.3445,1.3349,1.3966,1.3458,1.3041,1.2726,1.2479,1.3210,1.3038,1.3359,1.3523,1.3840,1.3403,1.3211,1.2929,1.2961
1302,386.6,1.2533,1.2523,1.1860,1.1796,1.2079,1.1517,1.2386,1.2371,1.2894,1.3113,1.2922,1.2604,1.2671,1.2338,1.2077,1.2696,1.2587,1.2984,1.3048,1.3084,1.2992,1.2728,1.2465,1.2501
1303,390.7,1.2337,1.2394,1.3654,1.3584,1.3375,1.3890,1.2295,1.2232,1.2765,1.2887,1.2961,1.2727,1.2401,1.2080,1.2261,1.2832,1.2704,1.2730,1.2809,1.2796,1.2932,1.2968,1.2733,1.2396
1304,394.8,1.2585,1.2656,1.2045,1.2095,1.2555,1.1797,1.2629,1.2963,1.3358,1.3501,1.3298,1.2853,1.3092,1.2677,1.2245,1.2770,1.2668,1.3302,1.3257,1.3184,1.3039,1.2667,1.2393,1.2505
1305,398.9,1.2604,1.2552,1.2459,1.1647,1.2290,1.2418,1.2661,1.2337,1.3104,1.3254,1.3993,1.3360,1.2813,1.2485,1.2134,1.2783,1.2562,1.3134,1.3578,1.3899,1.3030,1.2766,1.2481,1.2588
1306,403.0,1.2576,1.2542,1.1959,1.1466,1.2257,1.1209,1.2446,1.2123,1.2911,1.3066,1.3437,1.2937,1.2649,1.2479,1.1911,1.2617,1.2423,1.3104,1.3348,1.3416,1.2892,1.2628,1.2274,1.2508
1307,407.1,1.2956,1.3179,1.2594,1.1331,1.2482,1.1526,1.3599,1.3808,1.4247,1.4525,1.4800,1.4142,1.3631,1.3447,1.2501,1.2902,1.3315,1.4049,1.4134,1.4740,1.3772,1.2770,1.2505,1.3509
1308,411.2,1.2690,1.2986,1.2484,1.1617,1.2654,1.2114,1.3263,1.3237,1.3857,1.4110,1.3806,1.3277,1.3268,1.3183,1.2854,1.3226,1.3280,1.3485,1.3681,1.3511,1.3450,1.3154,1.2687,1.2959
1309,415.4,1.3332,1.3323,1.2670,1.2428,1.3143,1.2090,1.3366,1.3500,1.4381,1.4373,1.4430,1.3918,1.3608,1.3496,1.3162,1.3915,1.3540,1.4051,1.4257,1.4039,1.3713,1.3592,1.3293,1.3313
1310,419.5,1.3413,1.3518,1.2896,1.2275,1.2671,1.2610,1.3293,1.3772,1.4398,1.4319,1.4094,1.3826,1.3855,1.3381,1.3197,1.3859,1.3773,1.4215,1.4146,1.4012,1.3991,1.3987,1.3676,1.3481
1311,423.6,1.3611,1.3471,1.3202,1.3085,1.3586,1.2714,1.3509,1.3582,1.4161,1.4445,1.4185,1.4062,1.3759,1.3521,1.2778,1.3435,1.3500,1.4312,1.4423,1.4232,1.3958,1.3525,1.3132,1.3420
1312,427.7,1.3531,1.3261,1.2704,1.2743,1.3767,1.2382,1.3396,1.2927,1.3629,1.3862,1.3837,1.3314,1.3528,1.3033,1.2351,1.3046,1.3100,1.3722,1.4015,1.3657,1.3501,1.3172,1.2807,1.3074
1313,431.8,1.3141,1.3170,1.2212,1.1893,1.2959,1.1749,1.3308,1.2922,1.4109,1.3641,1.3976,1.3492,1.3677,1.3142,1.3362,1.3731,1.3522,1.3493,1.3803,1.3705,1.3804,1.4223,1.3981,1.3193
1314,435.9,1.2631,1.2640,1.1870,1.1745,1.3448,1.2229,1.2189,1.2665,1.3561,1.2726,1.2732,1.2234,1.2148,1.1887,1.2656,1.2961,1.2916,1.2660,1.2728,1.2708,1.3096,1.3181,1.2794,1.2510
1315,440.0,1.3078,1.3292,1.2426,1.2639,1.3640,1.2612,1.3410,1.3384,1.3981,1.4171,1.4018,1.3520,1.3847,1.3564,1.2953,1.3488,1.3441,1.3883,1.4033,1.4033,1.3727,1.3530,1.3211,1.3064
1316,444.1,1.4482,1.4252,1.3670,1.3355,1.4550,1.3143,1.5080,1.4910,1.5466,1.5349,1.5307,1.4974,1.4746,1.4291,1.4016,1.4557,1.4588,1.4862,1.5295,1.5250,1.4812,1.4313,1.3831,1.4140
1317,448.3,1.5518,1.5661,1.4271,1.3846,1.4712,1.4156,1.5707,1.5849,1.7000,1.7058,1.5979,1.5290,1.5871,1.6034,1.5281,1.5657,1.6151,1.6688,1.6298,1.6146,1.6338,1.5641,1.5186,1.5580
1318,452.4,1.5365,1.5824,1.4327,1.3662,1.4225,1.3554,1.5475,1.6582,1.7555,1.7551,1.6592,1.5997,1.6036,1.6611,1.5899,1.6073,1.6277,1.7125,1.6376,1.6525,1.6819,1.6314,1.5968,1.5978
1319,456.5,1.4602,1.5050,1.4279,1.3339,1.4161,1.3930,1.4837,1.5499,1.6218,1.6181,1.6171,1.5665,1.5383,1.5083,1.4731,1.5305,1.5204,1.6088,1.5974,1.6140,1.5895,1.5409,1.4995,1.5206
1320,460.6,1.3895,1.4913,1.4508,1.3261,1.4197,1.3649,1.5552,1.6382,1.6867,1.6792,1.6549,1.5911,1.6010,1.6126,1.5562,1.5657,1.5857,1.6467,1.6193,1.6467,1.6178,1.5570,1.5193,1.5435
1321,464.7,1.4232,1.5264,1.4844,1.3537,1.4393,1.3972,1.5473,1.5466,1.6560,1.6348,1.6639,1.5937,1.5965,1.5678,1.5354,1.5626,1.5865,1.6383,1.6553,1.6508,1.6295,1.5831,1.5271,1.5740
1322,468.8,1.4333,1.5414,1.4832,1.3987,1.4825,1.4407,1.5211,1.5508,1.6522,1.6158,1.6306,1.5757,1.5516,1.5099,1.5504,1.6161,1.6028,1.5996,1.6284,1.6462,1.6340,1.6302,1.5713,1.5627
1323,472.9,1.4405,1.5477,1.4974,1.4999,1.5203,1.4446,1.5143,1.5738,1.6489,1.6169,1.5918,1.5418,1.5200,1.5090,1.5231,1.5945,1.5842,1.6042,1.6014,1.5983,1.6200,1.6170,1.5718,1.5430
1324,477.0,1.4356,1.5390,1.5403,1.4909,1.5371,1.4439,1.5617,1.5662,1.6433,1.6609,1.6538,1.6148,1.5992,1.5769,1.5619,1.6159,1.6131,1.6645,1.6635,1.6536,1.6548,1.6283,1.5908,1.5675
1325,481.2,1.3816,1.5036,1.5035,1.5041,1.5376,1.5037,1.5361,1.5290,1.6053,1.6056,1.6354,1.6094,1.5652,1.5177,1.4706,1.5942,1.5439,1.5974,1.6264,1.6456,1.6122,1.5879,1.5626,1.5333
1326,485.3,1.3851,1.5139,1.5275,1.4386,1.4898,1.5364,1.5119,1.5431,1.6297,1.5981,1.6439,1.6219,1.5386,1.5037,1.5295,1.6114,1.5820,1.5912,1.6202,1.6541,1.6209,1.6151,1.5911,1.5487
1327,489.4,1.4957,1.5776,1.4869,1.3861,1.4559,1.4226,1.5706,1.5719,1.6590,1.6685,1.6741,1.6191,1.6181,1.5729,1.5396,1.6165,1.6106,1.6583,1.6970,1.6848,1.6624,1.6345,1.5912,1.5771
1328,493.5,1.6093,1.6824,1.5544,1.5130,1.5995,1.4999,1.6062,1.6770,1.7988,1.7237,1.7277,1.6625,1.6415,1.6217,1.6655,1.7517,1.7283,1.7224,1.7266,1.7290,1.7465,1.7614,1.7412,1.6543
1329,497.6,1.8678,1.9039,1.7582,1.6262,1.7496,1.6860,1.8257,1.9570,2.0694,2.0161,1.9808,1.9304,1.8785,1.8960,1.8488,1.8551,1.9303,1.9677,1.9336,1.9566,1.9634,1.8789,1.8321,1.8699
1330,501.7,1.9113,1.9233,1.6952,1.5795,1.6991,1.6195,1.8094,1.8858,2.0034,1.9660,1.9187,1.8401,1.8198,1.8130,1.7919,1.8121,1.8786,1.9269,1.8934,1.8924,1.9499,1.8466,1.7782,1.8501
1331,505.8,1.8627,1.8763,1.6686,1.5569,1.7052,1.6244,1.8054,1.8244,1.9558,1.9283,1.9415,1.8759,1.8401,1.8050,1.7854,1.8026,1.8552,1.8899,1.9089,1.9276,1.9277,1.8495,1.7884,1.8220
1332,509.9,1.7083,1.6843,1.5290,1.4530,1.5746,1.5678,1.6005,1.5996,1.6876,1.6660,1.6964,1.6328,1.6251,1.5670,1.6253,1.7163,1.6571,1.6716,1.6955,1.6961,1.7023,1.7401,1.7084,1.6188
1333,514.1,1.5912,1.5748,1.4541,1.3619,1.4420,1.5111,1.5797,1.5500,1.6219,1.6292,1.6708,1.5669,1.6006,1.5308,1.5521,1.5890,1.5666,1.6178,1.6435,1.6493,1.6159,1.6170,1.5931,1.5627
1334,518.2,1.8527,1.8834,1.6810,1.6425,1.7548,1.6225,1.8418,1.8468,1.9378,1.9262,1.9429,1.8664,1.9079,1.8604,1.8066,1.8689,1.8763,1.9474,1.9448,1.9433,1.9249,1.8592,1.8224,1.8810
1335,522.3,2.2434,2.3537,1.9967,1.9595,2.1929,1.9890,2.1526,2.3071,2.4334,2.3428,2.2159,2.1168,2.2032,2.2220,2.2459,2.2512,2.3555,2.3312,2.2344,2.1892,2.4053,2.3680,2.3217,2.3054
1336,526.4,2.5507,2.6607,2.4028,2.2507,2.3887,2.3434,2.4940,2.5735,2.7213,2.6914,2.7008,2.5842,2.6052,2.6068,2.5154,2.5692,2.5937,2.6961,2.6926,2.6672,2.7166,2.6698,2.6254,2.6390
1337,530.5,2.5187,2.6066,2.2674,2.2365,2.3073,2.2421,2.4955,2.5239,2.6775,2.7167,2.7387,2.6189,2.6596,2.6313,2.4800,2.5188,2.5565,2.7009,2.6853,2.6755,2.6903,2.6232,2.5704,2.6043
1338,534.6,1.7933,1.8381,1.6775,1.7090,1.7115,1.6982,1.6361,1.7531,1.8374,1.7627,1.8155,1.7650,1.7209,1.6893,1.7937,1.8896,1.8548,1.7892,1.7697,1.7902,1.8532,1.8791,1.9032,1.7761
1339,538.7,1.4212,1.4345,1.2860,1.3270,1.4010,1.2316,1.3348,1.3339,1.4261,1.4115,1.4732,1.4508,1.3810,1.3509,1.3999,1.4246,1.4578,1.4098,1.4489,1.5043,1.4284,1.3612,1.3502,1.4009
1340,542.8,1.3042,1.2706,1.1341,1.1615,1.1794,1.1024,1.2463,1.2387,1.3136,1.3025,1.2565,1.2392,1.2333,1.2724,1.2339,1.3095,1.2886,1.2836,1.2610,1.2491,1.2972,1.2683,1.2791,1.2622
1341,547.0,1.2528,1.2357,1.1613,1.2461,1.2400,1.1406,1.1443,1.1548,1.1838,1.1870,1.1787,1.1729,1.1558,1.1792,1.1772,1.2504,1.2220,1.2339,1.2039,1.1960,1.2144,1.2251,1.2287,1.1952
1342,551.1,1.2178,1.2252,1.1153,1.0776,1.1263,1.0478,1.1624,1.1706,1.2028,1.1966,1.2045,1.2118,1.1909,1.1958,1.1890,1.2522,1.2377,1.2385,1.2179,1.2288,1.2420,1.2565,1.2701,1.2303
1343,555.2,1.2549,1.2674,1.2571,1.1927,1.2143,1.2063,1.2124,1.1832,1.2282,1.2108,1.2683,1.2787,1.2421,1.2290,1.2016,1.2358,1.2499,1.2924,1.2878,1.3040,1.2989,1.2554,1.2585,1.2930
1344,559.3,1.2774,1.2996,1.2123,1.1657,1.2268,1.1843,1.2394,1.2495,1.2850,1.2677,1.2713,1.2629,1.2711,1.2887,1.3124,1.3069,1.3408,1.3363,1.3257,1.3212,1.3571,1.3417,1.3474,1.3541
1345,563.4,1.1441,1.1626,1.0954,0.9984,1.0924,1.0210,1.1022,1.0946,1.1113,1.1091,1.1354,1.1208,1.1134,1.1085,1.1344,1.1355,1.1470,1.1645,1.1453,1.1602,1.1643,1.1630,1.1587,1.1700
1346,567.5,1.0569,1.0652,0.9829,0.9203,0.9712,0.9265,0.9976,0.9925,1.0297,1.0351,1.0289,1.0177,1.0174,1.0300,1.0235,1.0661,1.0531,1.0656,1.0450,1.0454,1.0581,1.0784,1.0787,1.0532
1347,571.6,1.1351,1.1103,1.0203,1.0200,1.0394,1.0163,1.0291,1.0309,1.0729,1.0730,1.0750,1.0435,1.0534,1.0550,1.0473,1.0977,1.0858,1.0903,1.0853,1.0841,1.0984,1.1047,1.1019,1.0724
1348,575.7,1.2060,1.1555,1.0107,0.9829,1.0780,0.9741,1.0264,1.0333,1.0814,1.0641,1.0554,1.0217,1.0425,1.0539,1.0789,1.0957,1.1069,1.0963,1.0790,1.0677,1.1052,1.1254,1.1185,1.0868
1349,579.9,1.2026,1.1566,1.1099,1.0530,1.1128,1.0325,1.1039,1.0874,1.1206,1.1344,1.1271,1.0971,1.1261,1.1340,1.0970,1.1196,1.1281,1.1454,1.1297,1.1232,1.1331,1.1470,1.1361,1.1145
1350,584.0,1.0282,1.0244,1.0740,1.0426,0.9975,0.9888,1.0369,0.9698,1.0181,1.0065,1.0188,1.0074,1.0122,0.9798,0.9952,0.9677,1.0225,0.9961,1.0099,1.0089,1.0245,1.0360,1.0129,1.0032
1351,588.1,1.0050,0.9822,1.0317,1.0126,0.9831,0.9765,0.9101,0.9141,0.9439,0.9278,0.9549,0.9397,0.9285,0.9125,0.9302,0.9319,0.9579,0.9472,0.9578,0.9606,0.9567,0.9611,0.9410,0.9423
1352,592.2,1.1486,1.1003,1.0325,1.0660,1.0366,1.0199,0.9920,1.0411,1.0985,1.0182,1.0165,0.9900,1.0181,1.0041,1.0345,1.0052,1.0481,1.0336,1.0279,1.0144,1.0375,1.0396,1.0150,1.0200
1353,596.3,1.2712,1.2103,1.0868,1.0191,1.0342,1.0791,1.1746,1.0769,1.1372,1.1676,1.1438,1.1118,1.1672,1.1696,1.0679,1.0664,1.1038,1.1417,1.1340,1.1241,1.1290,1.1251,1.1122,1.1230
1354,600.4,1.3241,1.2291,1.1053,1.0694,1.0790,1.0792,1.1211,1.2108,1.1664,1.1382,1.1305,1.1181,1.0959,1.1200,1.1395,1.1777,1.1538,1.1465,1.1360,1.1412,1.1620,1.1731,1.1730,1.1528
1355,604.5,1.3251,1.2509,1.1091,1.1713,1.1881,1.0717,1.0997,1.2098,1.1923,1.1497,1.1205,1.1109,1.1045,1.1373,1.2037,1.1967,1.1945,1.1594,1.1483,1.1448,1.1906,1.2358,1.2282,1.1766
1356,608.6,1.1965,1.1527,1.0310,1.2055,1.1912,1.0423,1.1110,1.0998,1.1526,1.1217,1.0949,1.0543,1.0969,1.1151,1.0854,1.0962,1.1169,1.1361,1.1247,1.1102,1.1243,1.1133,1.1102,1.1304
1357,612.8,1.1204,1.1056,1.0570,1.0602,1.0444,1.0631,1.0410,1.0461,1.0776,1.0451,1.0400,1.0468,1.0742,1.0420,1.1034,1.0686,1.1113,1.0734,1.0577,1.1041,1.1008,1.1151,1.1073,1.0864
1358,616.9,1.0267,1.0305,0.9715,1.0467,1.1111,0.9360,0.9827,0.9854,1.0258,0.9929,0.9876,0.9851,1.0159,1.0088,1.0428,1.0289,1.0758,1.0340,1.0153,1.0009,1.0443,1.0414,1.0414,1.0369
1359,621.0,0.9879,0.9786,0.9266,0.9506,0.8999,0.8706,0.9108,0.9185,0.9418,0.9470,0.9448,0.9119,0.9378,0.9547,0.9574,0.9687,0.9751,0.9858,0.9665,0.9628,0.9753,0.9826,0.9800,0.9791
1360,625.1,1.0274,1.0161,0.9908,0.9718,1.0656,0.9652,1.1361,1.0036,0.9881,1.0858,1.0666,1.0178,1.1651,1.1206,0.9402,0.9145,0.9486,1.0347,1.0780,1.0408,0.9970,0.9655,0.9402,1.0204
1361,629.2,1.0482,1.0192,0.9786,1.0629,1.0641,0.9968,1.0966,1.0170,1.0366,1.1640,1.0041,0.9801,1.0454,1.1604,0.9505,0.9538,0.9599,1.0655,1.0298,0.9956,1.0040,0.9748,0.9726,1.0057
1362,633.3,1.0302,0.9991,0.9619,1.0140,1.0763,0.9477,0.9617,0.9369,0.9858,0.9775,0.9518,0.9331,0.9588,0.9674,1.0677,1.1029,1.0327,0.9639,0.9535,0.9609,0.9858,1.0565,1.0714,0.9729
1363,637.4,0.9889,0.9583,0.8980,0.9463,0.9808,0.9192,0.8907,0.8941,0.9283,0.9193,0.9089,0.9140,0.9218,0.9034,0.9290,0.9626,0.9394,0.9302,0.9385,0.9204,0.9343,0.9322,0.9248,0.9270
1364,641.5,0.9060,0.9057,0.8937,0.8468,0.8977,0.8315,0.9532,0.9004,0.9221,0.9401,0.9044,0.8995,0.9291,0.9076,0.8775,0.8625,0.8808,0.9007,0.9241,0.8968,0.8942,0.8738,0.8623,0.8978
1365,645.7,0.9024,0.9061,0.8660,0.9134,0.9425,0.8367,0.9299,0.8475,0.8836,0.9154,0.8987,0.8942,0.9207,0.8910,0.8677,0.8961,0.8911,0.8956,0.9201,0.9003,0.8923,0.8868,0.8834,0.8974
1366,649.8,0.9687,0.9956,1.0723,0.8840,0.8790,0.9302,1.0153,0.9779,0.9823,1.0427,1.1044,1.1442,1.0131,1.0447,0.9730,1.0531,1.0023,1.0225,1.0112,1.0405,1.0059,0.9883,1.0138,1.0087
1367,653.9,0.9698,0.9705,0.9668,0.9596,0.9601,0.9356,0.9568,0.9170,0.9273,0.9281,1.0099,1.0290,0.9594,0.9359,0.9403,1.0083,0.9764,0.9531,0.9840,0.9984,0.9718,0.9708,0.9869,0.9691
1368,658.0,0.9882,0.9986,1.0283,0.8948,1.0122,0.9237,0.9975,0.9760,0.9879,0.9725,1.0761,1.0905,1.0162,0.9918,1.0249,1.0407,1.0195,0.9900,1.0146,1.0609,0.9955,1.0118,1.0271,1.0070
1369,662.1,1.0557,1.0707,1.0451,0.9843,0.9527,1.0412,0.9939,1.0890,1.1205,1.0414,1.0474,1.0445,1.0340,1.0363,1.0850,1.0715,1.1114,1.0596,1.0337,1.0491,1.0802,1.0667,1.0699,1.0798
1370,666.2,1.0700,1.0852,1.0838,1.0877,1.0654,1.1719,1.0744,1.1442,1.0639,1.0775,1.0527,1.0451,1.0793,1.0788,1.0485,1.0751,1.0682,1.0811,1.0711,1.0824,1.0715,1.0653,1.0630,1.0820
1371,670.3,0.9794,1.0005,1.1425,1.0323,1.0375,1.3607,0.9974,1.0548,1.0099,0.9931,1.0167,1.0928,0.9666,1.0161,0.9899,1.0523,1.0192,1.0189,0.9744,0.9728,1.0105,1.0452,1.0525,1.0015
1372,674.4,0.8438,0.8624,1.1663,1.1377,0.9381,1.2344,0.9543,0.8925,0.9125,0.8974,0.9042,0.9206,0.8998,0.8888,0.9244,0.8312,0.8927,0.8747,0.8984,0.8749,0.8793,0.9050,0.8595,0.8708
1373,678.6,0.8346,0.8535,0.9074,0.8481,0.8765,0.8584,0.9190,0.8167,0.8550,0.8679,0.9358,0.9857,0.8972,0.8673,0.9538,0.9390,0.8823,0.8620,0.8794,0.8821,0.8632,0.8916,0.8950,0.8613
1374,682.7,0.8512,0.8987,0.8429,0.8437,0.8879,0.8475,0.9051,0.9171,0.9277,0.8969,0.8983,0.8892,0.9108,0.9121,1.0725,0.9690,0.9820,0.9095,0.9032,0.8996,0.9615,0.9563,0.9674,0.9311
1375,686.8,0.7988,0.8460,0.9386,1.0442,0.9383,0.9950,0.9422,1.0964,1.0075,0.9569,0.8874,0.8728,0.9311,0.9445,0.8851,0.8107,0.8498,0.9102,0.8874,0.8968,0.8831,0.8377,0.8235,0.8832
1376,690.9,0.8111,0.8344,0.9648,0.9284,0.9275,0.9286,0.8996,0.8373,0.8388,0.8689,0.9509,0.9460,0.9538,0.8899,0.8299,0.8272,0.8270,0.8989,0.9588,0.9842,0.8792,0.8142,0.8154,0.9102
1377,695.0,0.9450,1.0320,1.0517,1.0964,0.9841,1.2128,1.1098,1.2113,1.0655,1.0599,1.0635,1.0739,1.0727,1.0654,1.1079,1.0923,1.0893,1.0935,1.0913,1.0796,1.0934,1.0964,1.1313,1.1119
